{
    "data": [
        {
            "text": "Hi there",
            "entities": [
                {
                    "entity": "intent",
                    "value": "\"welcome\""
                },
                {
                    "entity": "sentiment",
                    "value": "\"neutral\""
                },
                {
                    "entity": "greetings",
                    "value": "\"true\""
                }
            ]
        },
        {
            "text": "Hi",
            "entities": [
                {
                    "entity": "intent",
                    "value": "\"welcome\""
                }
            ]
        },
        {
            "text": "Hello",
            "entities": [
                {
                    "entity": "intent",
                    "value": "\"welcome\""
                },
                {
                    "entity": "greetings",
                    "value": "\"true\""
                }
            ]
        },
        {
            "text": "Good Day",
            "entities": [
                {
                    "entity": "intent",
                    "value": "\"welcome\""
                }
            ]
        },
        {
            "text": "Good afternoon!",
            "entities": [
                {
                    "entity": "intent",
                    "value": "\"welcome\""
                },
                {
                    "entity": "sentiment",
                    "value": "\"positive\""
                },
                {
                    "entity": "greetings",
                    "value": "\"true\""
                }
            ]
        },
        {
            "text": "I didn't do anything today",
            "entities": [
                {
                    "entity": "datetime",
                    "value": "\"2019-01-23T00:00:00.000-08:00\"",
                    "start": 21,
                    "end": 26
                },
                {
                    "entity": "intent",
                    "value": "\"activity\""
                }
            ]
        },
        {
            "text": "I dig go for a walk",
            "entities": [
                {
                    "entity": "intent",
                    "value": "\"activity\""
                }
            ]
        },
        {
            "text": "I was running",
            "entities": [
                {
                    "entity": "sentiment",
                    "value": "\"neutral\""
                },
                {
                    "entity": "activity",
                    "value": "\"running\"",
                    "start": 6,
                    "end": 13
                }
            ]
        },
        {
            "text": "Good morning!",
            "entities": [
                {
                    "entity": "intent",
                    "value": "\"welcome\""
                },
                {
                    "entity": "sentiment",
                    "value": "\"positive\""
                },
                {
                    "entity": "greetings",
                    "value": "\"true\""
                }
            ]
        },
        {
            "text": "I trained something today!",
            "entities": [
                {
                    "entity": "datetime",
                    "value": "\"2019-01-31T00:00:00.000+01:00\"",
                    "start": 20,
                    "end": 25
                },
                {
                    "entity": "intent",
                    "value": "\"activity\""
                },
                {
                    "entity": "sentiment",
                    "value": "\"neutral\""
                }
            ]
        },
        {
            "text": "Yes",
            "entities": [
                {
                    "entity": "yes_no",
                    "value": "\"yes\""
                }
            ]
        },
        {
            "text": "No",
            "entities": [
                {
                    "entity": "yes_no",
                    "value": "\"no\""
                }
            ]
        },
        {
            "text": "hi",
            "entities": [
                {
                    "entity": "intent",
                    "value": "\"welcome\""
                },
                {
                    "entity": "sentiment",
                    "value": "\"neutral\""
                },
                {
                    "entity": "greetings",
                    "value": "\"true\""
                }
            ]
        },
        {
            "text": "I was out for a walk",
            "entities": [
                {
                    "entity": "intent",
                    "value": "\"activity\""
                },
                {
                    "entity": "sentiment",
                    "value": "\"neutral\""
                }
            ]
        },
        {
            "text": "I was hiking today",
            "entities": [
                {
                    "entity": "intent",
                    "value": "\"activity\""
                },
                {
                    "entity": "sentiment",
                    "value": "\"positive\""
                },
                {
                    "entity": "datetime",
                    "value": "\"2019-01-30T00:00:00.000+01:00\"",
                    "start": 13,
                    "end": 18
                },
                {
                    "entity": "activity",
                    "value": "\"hiking\"",
                    "start": 6,
                    "end": 12
                }
            ]
        },
        {
            "text": "Tomorrow I will go running",
            "entities": [
                {
                    "entity": "datetime",
                    "value": "\"2019-01-31T00:00:00.000+01:00\"",
                    "start": 0,
                    "end": 8
                },
                {
                    "entity": "sentiment",
                    "value": "\"neutral\""
                },
                {
                    "entity": "activity",
                    "value": "\"running\"",
                    "start": 19,
                    "end": 26
                }
            ]
        },
        {
            "text": "I was walking for 30 minutes",
            "entities": [
                {
                    "entity": "intent",
                    "value": "\"activity\""
                },
                {
                    "entity": "sentiment",
                    "value": "\"neutral\""
                },
                {
                    "entity": "activity",
                    "value": "\"walking\"",
                    "start": 6,
                    "end": 13
                },
                {
                    "entity": "duration",
                    "value": "30",
                    "start": 18,
                    "end": 28
                }
            ]
        },
        {
            "text": "1 hour",
            "entities": [
                {
                    "entity": "duration",
                    "value": "1",
                    "start": 0,
                    "end": 6
                },
                {
                    "entity": "sentiment",
                    "value": "\"neutral\""
                }
            ]
        },
        {
            "text": "I was outside for half an hour",
            "entities": [
                {
                    "entity": "sentiment",
                    "value": "\"neutral\""
                },
                {
                    "entity": "intent",
                    "value": "\"activity\""
                },
                {
                    "entity": "duration",
                    "value": "30",
                    "start": 18,
                    "end": 30
                }
            ]
        },
        {
            "text": "Tell me a joke!",
            "entities": [
                {
                    "entity": "intent",
                    "value": "\"joke\""
                },
                {
                    "entity": "sentiment",
                    "value": "\"neutral\""
                }
            ]
        },
        {
            "text": "Say something funny",
            "entities": [
                {
                    "entity": "intent",
                    "value": "\"joke\""
                },
                {
                    "entity": "sentiment",
                    "value": "\"positive\""
                }
            ]
        },
        {
            "text": "I want to hear something funny",
            "entities": [
                {
                    "entity": "intent",
                    "value": "\"joke\""
                },
                {
                    "entity": "sentiment",
                    "value": "\"positive\""
                }
            ]
        },
        {
            "text": "Can you tell me a joke?",
            "entities": [
                {
                    "entity": "intent",
                    "value": "\"joke\""
                },
                {
                    "entity": "sentiment",
                    "value": "\"negative\""
                }
            ]
        },
        {
            "text": "No, I didn't do anything",
            "entities": [
                {
                    "entity": "sentiment",
                    "value": "\"negative\""
                },
                {
                    "entity": "intent",
                    "value": "\"activity\""
                },
                {
                    "entity": "yes_no",
                    "value": "\"no\""
                }
            ]
        },
        {
            "text": "Yes, I did some walking",
            "entities": [
                {
                    "entity": "sentiment",
                    "value": "\"neutral\""
                },
                {
                    "entity": "activity",
                    "value": "\"walking\"",
                    "start": 16,
                    "end": 23
                },
                {
                    "entity": "intent",
                    "value": "\"activity\""
                }
            ]
        },
        {
            "text": "No, I didn't",
            "entities": [
                {
                    "entity": "yes_no",
                    "value": "\"no\""
                },
                {
                    "entity": "sentiment",
                    "value": "\"neutral\""
                }
            ]
        },
        {
            "text": "No, not really!",
            "entities": [
                {
                    "entity": "yes_no",
                    "value": "\"no\""
                }
            ]
        },
        {
            "text": "No, not really",
            "entities": [
                {
                    "entity": "yes_no",
                    "value": "\"no\""
                }
            ]
        },
        {
            "text": "Yes, I was outside",
            "entities": [
                {
                    "entity": "intent",
                    "value": "\"activity\""
                },
                {
                    "entity": "yes_no",
                    "value": "\"yes\""
                }
            ]
        }
    ]
}
