{
    "data": {
        "lookups": [
            "keywords",
            "free-text"
        ],
        "name": "activity",
        "lang": "en",
        "id": "activity",
        "doc": "User-defined entity",
        "builtin": false,
        "values": [
            {
                "value": "hiking",
                "expressions": [
                    "hiking"
                ]
            },
            {
                "value": "swimming",
                "expressions": [
                    "swimming"
                ]
            },
            {
                "value": "walking",
                "expressions": [
                    "walking"
                ]
            },
            {
                "value": "running",
                "expressions": [
                    "jogging",
                    "running"
                ]
            }
        ]
    }
}
