{
    "data": {
        "lookups": [
            "trait"
        ],
        "name": "intent",
        "lang": "en",
        "id": "intent",
        "doc": "User-defined entity",
        "builtin": false,
        "values": [
            {
                "value": "joke",
                "expressions": []
            },
            {
                "value": "activity",
                "expressions": []
            },
            {
                "value": "welcome",
                "expressions": []
            }
        ]
    }
}
