{
    "data": [
        {
            "text": "Hi there",
            "entities": [
                {
                    "entity": "intent",
                    "value": "\"welcome\""
                },
                {
                    "entity": "sentiment",
                    "value": "\"neutral\""
                },
                {
                    "entity": "greetings",
                    "value": "\"true\""
                }
            ]
        },
        {
            "text": "Hi",
            "entities": [
                {
                    "entity": "intent",
                    "value": "\"welcome\""
                }
            ]
        },
        {
            "text": "Hello",
            "entities": [
                {
                    "entity": "intent",
                    "value": "\"welcome\""
                },
                {
                    "entity": "sentiment",
                    "value": "\"positive\""
                },
                {
                    "entity": "greetings",
                    "value": "\"true\""
                }
            ]
        },
        {
            "text": "Good Day",
            "entities": [
                {
                    "entity": "intent",
                    "value": "\"welcome\""
                }
            ]
        },
        {
            "text": "Good afternoon!",
            "entities": [
                {
                    "entity": "intent",
                    "value": "\"welcome\""
                },
                {
                    "entity": "sentiment",
                    "value": "\"positive\""
                },
                {
                    "entity": "greetings",
                    "value": "\"true\""
                }
            ]
        },
        {
            "text": "I didn't do anything today",
            "entities": [
                {
                    "entity": "datetime",
                    "value": "\"2019-01-23T00:00:00.000-08:00\"",
                    "start": 21,
                    "end": 26
                },
                {
                    "entity": "intent",
                    "value": "\"activity\""
                }
            ]
        },
        {
            "text": "I dig go for a walk",
            "entities": [
                {
                    "entity": "intent",
                    "value": "\"activity\""
                }
            ]
        },
        {
            "text": "I was running",
            "entities": [
                {
                    "entity": "sentiment",
                    "value": "\"neutral\""
                },
                {
                    "entity": "activity",
                    "value": "\"running\"",
                    "start": 6,
                    "end": 13
                }
            ]
        },
        {
            "text": "Good morning!",
            "entities": [
                {
                    "entity": "intent",
                    "value": "\"welcome\""
                },
                {
                    "entity": "sentiment",
                    "value": "\"positive\""
                },
                {
                    "entity": "greetings",
                    "value": "\"true\""
                }
            ]
        },
        {
            "text": "I trained something today!",
            "entities": [
                {
                    "entity": "datetime",
                    "value": "\"2019-01-31T00:00:00.000+01:00\"",
                    "start": 20,
                    "end": 25
                },
                {
                    "entity": "intent",
                    "value": "\"activity\""
                },
                {
                    "entity": "sentiment",
                    "value": "\"neutral\""
                }
            ]
        },
        {
            "text": "Yes",
            "entities": [
                {
                    "entity": "yes_no",
                    "value": "\"yes\""
                }
            ]
        },
        {
            "text": "No",
            "entities": [
                {
                    "entity": "yes_no",
                    "value": "\"no\""
                }
            ]
        },
        {
            "text": "hi",
            "entities": [
                {
                    "entity": "intent",
                    "value": "\"welcome\""
                },
                {
                    "entity": "sentiment",
                    "value": "\"neutral\""
                },
                {
                    "entity": "greetings",
                    "value": "\"true\""
                }
            ]
        },
        {
            "text": "I was out for a walk",
            "entities": [
                {
                    "entity": "intent",
                    "value": "\"activity\""
                },
                {
                    "entity": "sentiment",
                    "value": "\"neutral\""
                }
            ]
        },
        {
            "text": "I was hiking today",
            "entities": [
                {
                    "entity": "intent",
                    "value": "\"activity\""
                },
                {
                    "entity": "sentiment",
                    "value": "\"positive\""
                },
                {
                    "entity": "datetime",
                    "value": "\"2019-01-30T00:00:00.000+01:00\"",
                    "start": 13,
                    "end": 18
                },
                {
                    "entity": "activity",
                    "value": "\"hiking\"",
                    "start": 6,
                    "end": 12
                }
            ]
        },
        {
            "text": "Tomorrow I will go running",
            "entities": [
                {
                    "entity": "datetime",
                    "value": "\"2019-01-31T00:00:00.000+01:00\"",
                    "start": 0,
                    "end": 8
                },
                {
                    "entity": "sentiment",
                    "value": "\"neutral\""
                },
                {
                    "entity": "activity",
                    "value": "\"running\"",
                    "start": 19,
                    "end": 26
                }
            ]
        },
        {
            "text": "I was walking for 30 minutes",
            "entities": [
                {
                    "entity": "intent",
                    "value": "\"activity\""
                },
                {
                    "entity": "sentiment",
                    "value": "\"neutral\""
                },
                {
                    "entity": "activity",
                    "value": "\"walking\"",
                    "start": 6,
                    "end": 13
                },
                {
                    "entity": "duration",
                    "value": "30",
                    "start": 18,
                    "end": 28
                }
            ]
        },
        {
            "text": "1 hour",
            "entities": [
                {
                    "entity": "duration",
                    "value": "1",
                    "start": 0,
                    "end": 6
                },
                {
                    "entity": "sentiment",
                    "value": "\"neutral\""
                }
            ]
        },
        {
            "text": "I was outside for half an hour",
            "entities": [
                {
                    "entity": "sentiment",
                    "value": "\"neutral\""
                },
                {
                    "entity": "intent",
                    "value": "\"activity\""
                },
                {
                    "entity": "duration",
                    "value": "30",
                    "start": 18,
                    "end": 30
                }
            ]
        },
        {
            "text": "Tell me a joke!",
            "entities": [
                {
                    "entity": "intent",
                    "value": "\"joke\""
                },
                {
                    "entity": "sentiment",
                    "value": "\"neutral\""
                }
            ]
        },
        {
            "text": "Say something funny",
            "entities": [
                {
                    "entity": "intent",
                    "value": "\"joke\""
                },
                {
                    "entity": "sentiment",
                    "value": "\"positive\""
                }
            ]
        },
        {
            "text": "I want to hear something funny",
            "entities": [
                {
                    "entity": "intent",
                    "value": "\"joke\""
                },
                {
                    "entity": "sentiment",
                    "value": "\"positive\""
                }
            ]
        },
        {
            "text": "Can you tell me a joke?",
            "entities": [
                {
                    "entity": "intent",
                    "value": "\"joke\""
                },
                {
                    "entity": "sentiment",
                    "value": "\"negative\""
                }
            ]
        },
        {
            "text": "No, I didn't do anything",
            "entities": [
                {
                    "entity": "sentiment",
                    "value": "\"negative\""
                },
                {
                    "entity": "intent",
                    "value": "\"activity\""
                },
                {
                    "entity": "yes_no",
                    "value": "\"no\""
                }
            ]
        },
        {
            "text": "Yes, I did some walking",
            "entities": [
                {
                    "entity": "sentiment",
                    "value": "\"neutral\""
                },
                {
                    "entity": "activity",
                    "value": "\"walking\"",
                    "start": 16,
                    "end": 23
                },
                {
                    "entity": "intent",
                    "value": "\"activity\""
                }
            ]
        },
        {
            "text": "No, I didn't",
            "entities": [
                {
                    "entity": "yes_no",
                    "value": "\"no\""
                },
                {
                    "entity": "sentiment",
                    "value": "\"neutral\""
                }
            ]
        },
        {
            "text": "No, not really!",
            "entities": [
                {
                    "entity": "yes_no",
                    "value": "\"no\""
                }
            ]
        },
        {
            "text": "No, not really",
            "entities": [
                {
                    "entity": "yes_no",
                    "value": "\"no\""
                }
            ]
        },
        {
            "text": "Yes, I was outside",
            "entities": [
                {
                    "entity": "intent",
                    "value": "\"activity\""
                },
                {
                    "entity": "yes_no",
                    "value": "\"yes\""
                }
            ]
        },
        {
            "text": "I was running today!",
            "entities": [
                {
                    "entity": "activity",
                    "value": "\"running\"",
                    "start": 6,
                    "end": 13
                },
                {
                    "entity": "datetime",
                    "value": "\"2019-02-10T00:00:00.000+01:00\"",
                    "start": 14,
                    "end": 19
                },
                {
                    "entity": "sentiment",
                    "value": "\"positive\""
                }
            ]
        },
        {
            "text": "Tell me a joke",
            "entities": [
                {
                    "entity": "intent",
                    "value": "\"joke\""
                },
                {
                    "entity": "sentiment",
                    "value": "\"neutral\""
                }
            ]
        },
        {
            "text": "I did some swimming",
            "entities": [
                {
                    "entity": "activity",
                    "value": "\"swimming\"",
                    "start": 11,
                    "end": 19
                },
                {
                    "entity": "intent",
                    "value": "\"activity\""
                },
                {
                    "entity": "sentiment",
                    "value": "\"neutral\""
                }
            ]
        },
        {
            "text": "I was swimming",
            "entities": [
                {
                    "entity": "activity",
                    "value": "\"swimming\"",
                    "start": 6,
                    "end": 14
                },
                {
                    "entity": "intent",
                    "value": "\"activity\""
                }
            ]
        },
        {
            "text": "I did some running",
            "entities": [
                {
                    "entity": "activity",
                    "value": "\"running\"",
                    "start": 11,
                    "end": 18
                },
                {
                    "entity": "sentiment",
                    "value": "\"neutral\""
                }
            ]
        },
        {
            "text": "Yes, I was running",
            "entities": [
                {
                    "entity": "activity",
                    "value": "\"running\"",
                    "start": 11,
                    "end": 18
                },
                {
                    "entity": "sentiment",
                    "value": "\"neutral\""
                },
                {
                    "entity": "yes_no",
                    "value": "\"yes\""
                }
            ]
        },
        {
            "text": "Yes I was running",
            "entities": [
                {
                    "entity": "yes_no",
                    "value": "\"yes\""
                },
                {
                    "entity": "activity",
                    "value": "\"running\"",
                    "start": 10,
                    "end": 17
                }
            ]
        },
        {
            "text": "Yes, I was hiking",
            "entities": [
                {
                    "entity": "intent",
                    "value": "\"activity\""
                },
                {
                    "entity": "yes_no",
                    "value": "\"yes\""
                },
                {
                    "entity": "sentiment",
                    "value": "\"positive\""
                },
                {
                    "entity": "activity",
                    "value": "\"hiking\"",
                    "start": 11,
                    "end": 17
                }
            ]
        },
        {
            "text": "I did some jogging",
            "entities": [
                {
                    "entity": "intent",
                    "value": "\"activity\""
                },
                {
                    "entity": "sentiment",
                    "value": "\"neutral\""
                },
                {
                    "entity": "activity",
                    "value": "\"running\"",
                    "start": 11,
                    "end": 18
                }
            ]
        },
        {
            "text": "Yes, I did some jogging",
            "entities": [
                {
                    "entity": "intent",
                    "value": "\"activity\""
                },
                {
                    "entity": "sentiment",
                    "value": "\"neutral\""
                },
                {
                    "entity": "activity",
                    "value": "\"running\"",
                    "start": 16,
                    "end": 23
                },
                {
                    "entity": "yes_no",
                    "value": "\"yes\"",
                    "start": 0,
                    "end": 3
                }
            ]
        },
        {
            "text": "Yes I was swimming",
            "entities": [
                {
                    "entity": "activity",
                    "value": "\"swimming\"",
                    "start": 10,
                    "end": 18
                },
                {
                    "entity": "intent",
                    "value": "\"activity\""
                },
                {
                    "entity": "yes_no",
                    "value": "\"yes\""
                },
                {
                    "entity": "sentiment",
                    "value": "\"positive\""
                }
            ]
        },
        {
            "text": "I was swimming!",
            "entities": [
                {
                    "entity": "activity",
                    "value": "\"swimming\"",
                    "start": 6,
                    "end": 14
                },
                {
                    "entity": "intent",
                    "value": "\"activity\""
                },
                {
                    "entity": "sentiment",
                    "value": "\"neutral\""
                }
            ]
        },
        {
            "text": "I was swimming yesterday",
            "entities": [
                {
                    "entity": "activity",
                    "value": "\"swimming\"",
                    "start": 6,
                    "end": 14
                },
                {
                    "entity": "datetime",
                    "value": "\"2019-02-10T00:00:00.000+01:00\"",
                    "start": 15,
                    "end": 24
                },
                {
                    "entity": "intent",
                    "value": "\"activity\""
                },
                {
                    "entity": "sentiment",
                    "value": "\"neutral\""
                }
            ]
        },
        {
            "text": "Yes, I was running yesterday",
            "entities": [
                {
                    "entity": "activity",
                    "value": "\"running\"",
                    "start": 11,
                    "end": 18
                },
                {
                    "entity": "datetime",
                    "value": "\"2019-02-10T00:00:00.000+01:00\"",
                    "start": 19,
                    "end": 28
                },
                {
                    "entity": "yes_no",
                    "value": "\"yes\""
                }
            ]
        },
        {
            "text": "I was running yesterday!",
            "entities": [
                {
                    "entity": "activity",
                    "value": "\"running\"",
                    "start": 6,
                    "end": 13
                },
                {
                    "entity": "datetime",
                    "value": "\"2019-02-10T00:00:00.000+01:00\"",
                    "start": 14,
                    "end": 23
                },
                {
                    "entity": "sentiment",
                    "value": "\"positive\""
                }
            ]
        },
        {
            "text": "How am I doing?",
            "entities": [
                {
                    "entity": "intent",
                    "value": "\"feedback\""
                },
                {
                    "entity": "sentiment",
                    "value": "\"neutral\""
                }
            ]
        },
        {
            "text": "Are you happy with me?",
            "entities": [
                {
                    "entity": "sentiment",
                    "value": "\"neutral\""
                },
                {
                    "entity": "intent",
                    "value": "\"feedback\""
                }
            ]
        },
        {
            "text": "How was my week?",
            "entities": [
                {
                    "entity": "intent",
                    "value": "\"feedback\""
                },
                {
                    "entity": "sentiment",
                    "value": "\"neutral\""
                }
            ]
        },
        {
            "text": "Can you give me feedback?",
            "entities": [
                {
                    "entity": "sentiment",
                    "value": "\"neutral\""
                },
                {
                    "entity": "intent",
                    "value": "\"feedback\""
                }
            ]
        },
        {
            "text": "What is your feedback?",
            "entities": [
                {
                    "entity": "sentiment",
                    "value": "\"neutral\""
                },
                {
                    "entity": "intent",
                    "value": "\"feedback\""
                }
            ]
        },
        {
            "text": "Am I doing good?",
            "entities": [
                {
                    "entity": "sentiment",
                    "value": "\"neutral\""
                },
                {
                    "entity": "intent",
                    "value": "\"feedback\""
                }
            ]
        },
        {
            "text": "Swimming",
            "entities": [
                {
                    "entity": "activity",
                    "value": "\"swimming\"",
                    "start": 0,
                    "end": 8
                },
                {
                    "entity": "intent",
                    "value": "\"activity\""
                },
                {
                    "entity": "sentiment",
                    "value": "\"positive\""
                }
            ]
        },
        {
            "text": "How many activities did I do last week?",
            "entities": [
                {
                    "entity": "intent",
                    "value": "\"feedback\""
                },
                {
                    "entity": "sentiment",
                    "value": "\"neutral\""
                },
                {
                    "entity": "datetime",
                    "value": "\"2019-02-04T00:00:00.000+01:00\"",
                    "start": 29,
                    "end": 38
                }
            ]
        },
        {
            "text": "How often did I exercise?",
            "entities": [
                {
                    "entity": "sentiment",
                    "value": "\"neutral\""
                },
                {
                    "entity": "intent",
                    "value": "\"feedback\""
                }
            ]
        },
        {
            "text": "Am I doing enough?",
            "entities": [
                {
                    "entity": "sentiment",
                    "value": "\"neutral\""
                },
                {
                    "entity": "intent",
                    "value": "\"feedback\""
                }
            ]
        },
        {
            "text": "Yes, I was running!",
            "entities": [
                {
                    "entity": "activity",
                    "value": "\"running\"",
                    "start": 11,
                    "end": 18
                },
                {
                    "entity": "sentiment",
                    "value": "\"positive\""
                },
                {
                    "entity": "yes_no",
                    "value": "\"yes\""
                }
            ]
        },
        {
            "text": "How am I doing",
            "entities": [
                {
                    "entity": "sentiment",
                    "value": "\"neutral\""
                },
                {
                    "entity": "intent",
                    "value": "\"feedback\""
                }
            ]
        },
        {
            "text": "I was out for some hiking \ud83d\ude03",
            "entities": [
                {
                    "entity": "activity",
                    "value": "\"hiking\"",
                    "start": 19,
                    "end": 25
                },
                {
                    "entity": "sentiment",
                    "value": "\"positive\""
                },
                {
                    "entity": "intent",
                    "value": "\"activity\""
                }
            ]
        },
        {
            "text": "Are you happy with my activities?",
            "entities": [
                {
                    "entity": "intent",
                    "value": "\"feedback\""
                },
                {
                    "entity": "sentiment",
                    "value": "\"positive\""
                }
            ]
        },
        {
            "text": "Hi there!",
            "entities": [
                {
                    "entity": "sentiment",
                    "value": "\"positive\""
                },
                {
                    "entity": "greetings",
                    "value": "\"true\""
                },
                {
                    "entity": "intent",
                    "value": "\"welcome\""
                }
            ]
        },
        {
            "text": "No, I didn't \ud83d\ude48",
            "entities": [
                {
                    "entity": "sentiment",
                    "value": "\"neutral\""
                },
                {
                    "entity": "yes_no",
                    "value": "\"no\""
                }
            ]
        },
        {
            "text": "How am I?",
            "entities": [
                {
                    "entity": "sentiment",
                    "value": "\"neutral\""
                },
                {
                    "entity": "intent",
                    "value": "\"feedback\""
                }
            ]
        }
    ]
}
